                  epoch,         train/box_loss,         train/cls_loss,         train/dfl_loss,   metrics/precision(B),      metrics/recall(B),       metrics/mAP50(B),    metrics/mAP50-95(B),           val/box_loss,           val/cls_loss,           val/dfl_loss,                 lr/pg0,                 lr/pg1,                 lr/pg2
                      1,                 1.7222,                 2.1772,                 1.6571,                0.08333,                0.17029,                0.03429,                0.00972,                 2.7666,                 9.4028,                 2.8791,             0.00065844,             0.00065844,             0.00065844
                      2,                 2.1713,                  2.472,                 2.0904,                0.24582,                0.23188,                0.13261,                0.04553,                 2.4961,                 20.452,                 2.8363,              0.0012989,              0.0012989,              0.0012989
                      3,                 2.3019,                 2.6736,                 2.2167,                0.10718,                0.11232,                0.04153,                0.01638,                 2.7069,                 5.3342,                 2.9263,              0.0019129,              0.0019129,              0.0019129
                      4,                 2.2936,                 2.6222,                 2.1987,                0.13743,                0.23551,                0.09856,                0.03566,                  2.372,                 4.2208,                 2.5163,              0.0018812,              0.0018812,              0.0018812
                      5,                 2.2252,                 2.5291,                 2.1571,                0.24888,                0.15942,                0.10511,                0.04326,                 2.2396,                 4.2908,                 2.3055,              0.0018416,              0.0018416,              0.0018416
                      6,                 2.1005,                 2.3682,                 2.0464,                0.39168,                0.32246,                0.22446,                0.09053,                 2.1193,                 4.0738,                 2.1582,               0.001802,               0.001802,               0.001802
